product_name,description
Chair,This comfortable chair is perfect for any room in your home. It features a soft cushion and sturdy wooden legs.
Sofa,This beautiful sofa is a great addition to any living room. It has a sleek design and comfortable cushions.
Table,This elegant table is perfect for your dining room. It has a durable wooden top and stylish metal legs.
Bed,This cozy bed is perfect for a good night's sleep. It has a soft mattress and sturdy wooden frame.
Bookshelf,This modern bookshelf is perfect for displaying your favorite books and decorative items. It has multiple shelves and a sleek design.
Desk,This functional desk is perfect for your home office. It has a spacious surface and convenient drawers for storage.
Ottoman,This stylish ottoman is perfect for your living room or bedroom. It can be used as a footrest or extra seating.
Cabinet,This versatile cabinet is perfect for storing your belongings. It has multiple drawers and shelves for organization.
Dresser,This elegant dresser is perfect for your bedroom. It has spacious drawers and a stylish design.
TV Stand,This sleek TV stand is perfect for your entertainment center. It has multiple shelves and a sturdy construction.